<?xml version="1.0" encoding="UTF-8"?>
<!--Metadata generated with CatMDEdit version 4.6.6-->
<gmd:MD_Metadata xmlns:gco="http://www.isotc211.org/2005/gco"
    xmlns:gmd="http://www.isotc211.org/2005/gmd"
    xmlns:gml="http://www.opengis.net/gml"
    xmlns:gts="http://www.isotc211.org/2005/gts" xmlns:xsi="http://www.w3.org/2001/XMLSchema-instance">
    <gmd:fileIdentifier>
        <gco:CharacterString>GLG_IET_Entidades_Singulares_20111207</gco:CharacterString>
    </gmd:fileIdentifier>
    <gmd:language>
        <gmd:LanguageCode
            codeList="./resources/codeList.xml#LanguageCode" codeListValue="glg">glg</gmd:LanguageCode>
    </gmd:language>
    <gmd:characterSet>
        <gmd:MD_CharacterSetCode
            codeList="./resources/codeList.xml#MD_CharacterSetCode" codeListValue="utf8">utf8</gmd:MD_CharacterSetCode>
    </gmd:characterSet>
    <gmd:parentIdentifier gco:nilReason="inapplicable"/>
    <gmd:hierarchyLevel>
        <gmd:MD_ScopeCode
            codeList="./resources/codeList.xml#MD_ScopeCode" codeListValue="dataset">dataset</gmd:MD_ScopeCode>
    </gmd:hierarchyLevel>
    <gmd:hierarchyLevelName gco:nilReason="inapplicable"/>
    <gmd:contact>
        <gmd:CI_ResponsibleParty>
            <gmd:individualName>
                <gco:CharacterString>Instituto de Estudos do Territorio - IET</gco:CharacterString>
            </gmd:individualName>
            <gmd:organisationName>
                <gco:CharacterString>CONSELLERÍA DE MEDIO AMBIENTE, TERRITORIO E INFRAESTRUTURAS - XUNTA DE GALICIA</gco:CharacterString>
            </gmd:organisationName>
            <gmd:positionName gco:nilReason="inapplicable"/>
            <gmd:contactInfo>
                <gmd:CI_Contact>
                    <gmd:phone>
                        <gmd:CI_Telephone>
                            <gmd:voice>
                                <gco:CharacterString>+34 981 541 755</gco:CharacterString>
                            </gmd:voice>
                            <gmd:facsimile>
                                <gco:CharacterString>+34 981 541 757</gco:CharacterString>
                            </gmd:facsimile>
                        </gmd:CI_Telephone>
                    </gmd:phone>
                    <gmd:address>
                        <gmd:CI_Address>
                            <gmd:deliveryPoint>
                                <gco:CharacterString>San Lázaro, s/n</gco:CharacterString>
                            </gmd:deliveryPoint>
                            <gmd:city>
                                <gco:CharacterString>Santiago de Compostela</gco:CharacterString>
                            </gmd:city>
                            <gmd:administrativeArea>
                                <gco:CharacterString>A Coruña</gco:CharacterString>
                            </gmd:administrativeArea>
                            <gmd:postalCode>
                                <gco:CharacterString>15781</gco:CharacterString>
                            </gmd:postalCode>
                            <gmd:country>
                                <gco:CharacterString>España</gco:CharacterString>
                            </gmd:country>
                            <gmd:electronicMailAddress>
                                <gco:CharacterString>info-iet.cmati@xunta.es</gco:CharacterString>
                            </gmd:electronicMailAddress>
                        </gmd:CI_Address>
                    </gmd:address>
                    <gmd:onlineResource>
                        <gmd:CI_OnlineResource>
                            <gmd:linkage>
                                <gmd:URL>http://www.cmati.xunta.es/organizacion/c/Instituto_Estudos_Territorio</gmd:URL>
                            </gmd:linkage>
                        </gmd:CI_OnlineResource>
                    </gmd:onlineResource>
                </gmd:CI_Contact>
            </gmd:contactInfo>
            <gmd:role>
                <gmd:CI_RoleCode
                    codeList="./resources/codeList.xml#CI_RoleCode" codeListValue="custodian">custodian</gmd:CI_RoleCode>
            </gmd:role>
        </gmd:CI_ResponsibleParty>
    </gmd:contact>
    <gmd:dateStamp>
        <gco:Date>2011-12-07</gco:Date>
    </gmd:dateStamp>
    <gmd:metadataStandardName>
        <gco:CharacterString>ISO 19115:2003</gco:CharacterString>
    </gmd:metadataStandardName>
    <gmd:metadataStandardVersion>
        <gco:CharacterString>ISO19115:2003"XUNTA 2011"</gco:CharacterString>
    </gmd:metadataStandardVersion>
    <gmd:spatialRepresentationInfo>
        <gmd:MD_VectorSpatialRepresentation>
            <gmd:geometricObjects>
                <gmd:MD_GeometricObjects>
                    <gmd:geometricObjectType>
                        <gmd:MD_GeometricObjectTypeCode
                            codeList="./resources/codeList.xml#MD_GeometricObjectTypeCode" codeListValue="Punto">Punto</gmd:MD_GeometricObjectTypeCode>
                    </gmd:geometricObjectType>
                </gmd:MD_GeometricObjects>
            </gmd:geometricObjects>
        </gmd:MD_VectorSpatialRepresentation>
    </gmd:spatialRepresentationInfo>
    <gmd:referenceSystemInfo>
        <gmd:MD_ReferenceSystem>
            <gmd:referenceSystemIdentifier>
                <gmd:RS_Identifier>
                    <gmd:code>
                        <gco:CharacterString>EPSG:25829</gco:CharacterString>
                    </gmd:code>
                </gmd:RS_Identifier>
            </gmd:referenceSystemIdentifier>
        </gmd:MD_ReferenceSystem>
    </gmd:referenceSystemInfo>
    <gmd:identificationInfo>
        <gmd:MD_DataIdentification>
            <gmd:citation>
                <gmd:CI_Citation>
                    <gmd:title>
                        <gco:CharacterString>Entidades singulares de poboación</gco:CharacterString>
                    </gmd:title>
                    <gmd:date>
                        <gmd:CI_Date>
                            <gmd:date>
                                <gco:Date>2011-12-07</gco:Date>
                            </gmd:date>
                            <gmd:dateType>
                                <gmd:CI_DateTypeCode
                                    codeList="./resources/codeList.xml#CI_DateTypeCode" codeListValue="publication">publication</gmd:CI_DateTypeCode>
                            </gmd:dateType>
                        </gmd:CI_Date>
                    </gmd:date>
                    <gmd:citedResponsibleParty>
                        <gmd:CI_ResponsibleParty>
                            <gmd:individualName>
                                <gco:CharacterString>Instituto de Estudos do Territorio - IET</gco:CharacterString>
                            </gmd:individualName>
                            <gmd:organisationName>
                                <gco:CharacterString>CONSELLERÍA DE MEDIO AMBIENTE, TERRITORIO E INFRAESTRUTURAS - XUNTA DE GALICIA</gco:CharacterString>
                            </gmd:organisationName>
                            <gmd:positionName gco:nilReason="inapplicable"/>
                            <gmd:contactInfo>
                                <gmd:CI_Contact>
                                    <gmd:phone>
                                    <gmd:CI_Telephone>
                                    <gmd:voice>
                                    <gco:CharacterString>+34 981 541 755</gco:CharacterString>
                                    </gmd:voice>
                                    <gmd:facsimile>
                                    <gco:CharacterString>+34 981 541 757</gco:CharacterString>
                                    </gmd:facsimile>
                                    </gmd:CI_Telephone>
                                    </gmd:phone>
                                    <gmd:address>
                                    <gmd:CI_Address>
                                    <gmd:deliveryPoint>
                                    <gco:CharacterString>San Lázaro, s/n</gco:CharacterString>
                                    </gmd:deliveryPoint>
                                    <gmd:city>
                                    <gco:CharacterString>Santiago de Compostela</gco:CharacterString>
                                    </gmd:city>
                                    <gmd:administrativeArea>
                                    <gco:CharacterString>A Coruña</gco:CharacterString>
                                    </gmd:administrativeArea>
                                    <gmd:postalCode>
                                    <gco:CharacterString>15781</gco:CharacterString>
                                    </gmd:postalCode>
                                    <gmd:country>
                                    <gco:CharacterString>España</gco:CharacterString>
                                    </gmd:country>
                                    <gmd:electronicMailAddress>
                                    <gco:CharacterString>info-iet.cmati@xunta.es</gco:CharacterString>
                                    </gmd:electronicMailAddress>
                                    </gmd:CI_Address>
                                    </gmd:address>
                                    <gmd:onlineResource>
                                    <gmd:CI_OnlineResource>
                                    <gmd:linkage>
                                    <gmd:URL>http://www.cmati.xunta.es/organizacion/c/Instituto_Estudos_Territorio</gmd:URL>
                                    </gmd:linkage>
                                    </gmd:CI_OnlineResource>
                                    </gmd:onlineResource>
                                </gmd:CI_Contact>
                            </gmd:contactInfo>
                            <gmd:role>
                                <gmd:CI_RoleCode
                                    codeList="./resources/codeList.xml#CI_RoleCode" codeListValue="pointOfContact">pointOfContact</gmd:CI_RoleCode>
                            </gmd:role>
                        </gmd:CI_ResponsibleParty>
                    </gmd:citedResponsibleParty>
                </gmd:CI_Citation>
            </gmd:citation>
            <gmd:abstract>
                <gco:CharacterString>Localización das entidades singulares de poboación de Galicia de diferentes nomenclátores do INE. A Base de datos contén información de poboación do  ano 2010, ainda que a base de datos recolle localizacións e códigos de nomenclátores anteriores.
                                                            Esta capa cartográfica e una capa de traballo, que recolle información de diferentes fontes, moitas das posicións localizadas non foron validadas axeitadamente polo que debe tomarse como unha información de referencia, non completa, e en contínua actualización e mellora.
                                                                                                                </gco:CharacterString>
            </gmd:abstract>
            <gmd:purpose>
                <gco:CharacterString>Capa que recolle a localización xeográfica da maioría das entidades singulares de Galicia (cerca de 30.000), para o seu uso en diferentes ámbitos, estudios de poboación, asentamentos, emersencias, etc.</gco:CharacterString>
            </gmd:purpose>
            <gmd:status>
                <gmd:MD_ProgressCode
                    codeList="./resources/codeList.xml#MD_ProgressCode" codeListValue="underDevelopment">underDevelopment</gmd:MD_ProgressCode>
            </gmd:status>
            <gmd:pointOfContact>
                <gmd:CI_ResponsibleParty>
                    <gmd:individualName>
                        <gco:CharacterString>Instituto de Estudos do Territorio - IET</gco:CharacterString>
                    </gmd:individualName>
                    <gmd:organisationName>
                        <gco:CharacterString>CONSELLERÍA DE MEDIO AMBIENTE, TERRITORIO E INFRAESTRUTURAS - XUNTA DE GALICIA</gco:CharacterString>
                    </gmd:organisationName>
                    <gmd:positionName gco:nilReason="inapplicable"/>
                    <gmd:contactInfo>
                        <gmd:CI_Contact>
                            <gmd:phone>
                                <gmd:CI_Telephone>
                                    <gmd:voice>
                                    <gco:CharacterString>+34 981 541 755</gco:CharacterString>
                                    </gmd:voice>
                                    <gmd:facsimile>
                                    <gco:CharacterString>+34 981 541 757</gco:CharacterString>
                                    </gmd:facsimile>
                                </gmd:CI_Telephone>
                            </gmd:phone>
                            <gmd:address>
                                <gmd:CI_Address>
                                    <gmd:deliveryPoint>
                                    <gco:CharacterString>San Lázaro, s/n</gco:CharacterString>
                                    </gmd:deliveryPoint>
                                    <gmd:city>
                                    <gco:CharacterString>Santiago de Compostela</gco:CharacterString>
                                    </gmd:city>
                                    <gmd:administrativeArea>
                                    <gco:CharacterString>A Coruña</gco:CharacterString>
                                    </gmd:administrativeArea>
                                    <gmd:postalCode>
                                    <gco:CharacterString>15781</gco:CharacterString>
                                    </gmd:postalCode>
                                    <gmd:country>
                                    <gco:CharacterString>España</gco:CharacterString>
                                    </gmd:country>
                                    <gmd:electronicMailAddress>
                                    <gco:CharacterString>info-iet.cmati@xunta.es</gco:CharacterString>
                                    </gmd:electronicMailAddress>
                                </gmd:CI_Address>
                            </gmd:address>
                            <gmd:onlineResource>
                                <gmd:CI_OnlineResource>
                                    <gmd:linkage>
                                    <gmd:URL>http://www.cmati.xunta.es/organizacion/c/Instituto_Estudos_Territorio</gmd:URL>
                                    </gmd:linkage>
                                </gmd:CI_OnlineResource>
                            </gmd:onlineResource>
                        </gmd:CI_Contact>
                    </gmd:contactInfo>
                    <gmd:role>
                        <gmd:CI_RoleCode
                            codeList="./resources/codeList.xml#CI_RoleCode" codeListValue="pointOfContact">pointOfContact</gmd:CI_RoleCode>
                    </gmd:role>
                </gmd:CI_ResponsibleParty>
            </gmd:pointOfContact>
            <gmd:descriptiveKeywords>
                <gmd:MD_Keywords>
                    <gmd:keyword>
                        <gco:CharacterString>ESPAÑA</gco:CharacterString>
                    </gmd:keyword>
                    <gmd:keyword>
                        <gco:CharacterString>Galicia</gco:CharacterString>
                    </gmd:keyword>
                    <gmd:type>
                        <gmd:MD_KeywordTypeCode
                            codeList="./resources/codeList.xml#MD_KeywordTypeCode" codeListValue="place">place</gmd:MD_KeywordTypeCode>
                    </gmd:type>
                    <gmd:thesaurusName>
                        <gmd:CI_Citation>
                            <gmd:title>
                                <gco:CharacterString>EuropeanTerritorialUnits</gco:CharacterString>
                            </gmd:title>
                            <gmd:date>
                                <gmd:CI_Date>
                                    <gmd:date>
                                    <gco:Date>2008-10-21</gco:Date>
                                    </gmd:date>
                                    <gmd:dateType>
                                    <gmd:CI_DateTypeCode
                                    codeList="./resources/codeList.xml#CI_DateTypeCode" codeListValue="publication">publication</gmd:CI_DateTypeCode>
                                    </gmd:dateType>
                                </gmd:CI_Date>
                            </gmd:date>
                        </gmd:CI_Citation>
                    </gmd:thesaurusName>
                </gmd:MD_Keywords>
            </gmd:descriptiveKeywords>
            <gmd:descriptiveKeywords>
                <gmd:MD_Keywords>
                    <gmd:keyword>
                        <gco:CharacterString>ASPECTOS SOCIALES, POLITICA AMBIENTAL, MEDIDAS</gco:CharacterString>
                    </gmd:keyword>
                    <gmd:keyword>
                        <gco:CharacterString>INFORMACIÓN, EDUCACIÓN, CULTURA, CONCIENCIA AMBIENTAL</gco:CharacterString>
                    </gmd:keyword>
                    <gmd:keyword>
                        <gco:CharacterString>información</gco:CharacterString>
                    </gmd:keyword>
                    <gmd:keyword>
                        <gco:CharacterString>sistemas de información</gco:CharacterString>
                    </gmd:keyword>
                    <gmd:keyword>
                        <gco:CharacterString>sistemas de información geográfica</gco:CharacterString>
                    </gmd:keyword>
                    <gmd:type>
                        <gmd:MD_KeywordTypeCode
                            codeList="./resources/codeList.xml#MD_KeywordTypeCode" codeListValue="theme">theme</gmd:MD_KeywordTypeCode>
                    </gmd:type>
                    <gmd:thesaurusName>
                        <gmd:CI_Citation>
                            <gmd:title>
                                <gco:CharacterString>GEMET</gco:CharacterString>
                            </gmd:title>
                            <gmd:date>
                                <gmd:CI_Date>
                                    <gmd:date>
                                    <gco:Date>2006-02-15</gco:Date>
                                    </gmd:date>
                                    <gmd:dateType>
                                    <gmd:CI_DateTypeCode
                                    codeList="./resources/codeList.xml#CI_DateTypeCode" codeListValue="publication">publication</gmd:CI_DateTypeCode>
                                    </gmd:dateType>
                                </gmd:CI_Date>
                            </gmd:date>
                        </gmd:CI_Citation>
                    </gmd:thesaurusName>
                </gmd:MD_Keywords>
            </gmd:descriptiveKeywords>
            <gmd:descriptiveKeywords>
                <gmd:MD_Keywords>
                    <gmd:keyword>
                        <gco:CharacterString>Administracion Y Legislacion</gco:CharacterString>
                    </gmd:keyword>
                    <gmd:keyword>
                        <gco:CharacterString>Administración pública</gco:CharacterString>
                    </gmd:keyword>
                    <gmd:keyword>
                        <gco:CharacterString>Gobierno</gco:CharacterString>
                    </gmd:keyword>
                    <gmd:keyword>
                        <gco:CharacterString>Gobierno regional</gco:CharacterString>
                    </gmd:keyword>
                    <gmd:type>
                        <gmd:MD_KeywordTypeCode
                            codeList="./resources/codeList.xml#MD_KeywordTypeCode" codeListValue="theme">theme</gmd:MD_KeywordTypeCode>
                    </gmd:type>
                    <gmd:thesaurusName>
                        <gmd:CI_Citation>
                            <gmd:title>
                                <gco:CharacterString>AGROVOC</gco:CharacterString>
                            </gmd:title>
                            <gmd:date>
                                <gmd:CI_Date>
                                    <gmd:date>
                                    <gco:Date>2009-09-01</gco:Date>
                                    </gmd:date>
                                    <gmd:dateType>
                                    <gmd:CI_DateTypeCode
                                    codeList="./resources/codeList.xml#CI_DateTypeCode" codeListValue="publication">publication</gmd:CI_DateTypeCode>
                                    </gmd:dateType>
                                </gmd:CI_Date>
                            </gmd:date>
                        </gmd:CI_Citation>
                    </gmd:thesaurusName>
                </gmd:MD_Keywords>
            </gmd:descriptiveKeywords>
            <gmd:descriptiveKeywords>
                <gmd:MD_Keywords>
                    <gmd:keyword>
                        <gco:CharacterString>Distribución de la población - demografía</gco:CharacterString>
                    </gmd:keyword>
                    <gmd:type>
                        <gmd:MD_KeywordTypeCode
                            codeList="./resources/codeList.xml#MD_KeywordTypeCode" codeListValue="theme">theme</gmd:MD_KeywordTypeCode>
                    </gmd:type>
                    <gmd:thesaurusName>
                        <gmd:CI_Citation>
                            <gmd:title>
                                <gco:CharacterString>INSPIRE_SpatialThemes</gco:CharacterString>
                            </gmd:title>
                            <gmd:date>
                                <gmd:CI_Date>
                                    <gmd:date>
                                    <gco:Date>2008-12-03</gco:Date>
                                    </gmd:date>
                                    <gmd:dateType>
                                    <gmd:CI_DateTypeCode
                                    codeList="./resources/codeList.xml#CI_DateTypeCode" codeListValue="publication">publication</gmd:CI_DateTypeCode>
                                    </gmd:dateType>
                                </gmd:CI_Date>
                            </gmd:date>
                        </gmd:CI_Citation>
                    </gmd:thesaurusName>
                </gmd:MD_Keywords>
            </gmd:descriptiveKeywords>
            <gmd:descriptiveKeywords>
                <gmd:MD_Keywords>
                    <gmd:keyword>
                        <gco:CharacterString>Unidades administrativas</gco:CharacterString>
                    </gmd:keyword>
                    <gmd:type>
                        <gmd:MD_KeywordTypeCode
                            codeList="./resources/codeList.xml#MD_KeywordTypeCode" codeListValue="theme">theme</gmd:MD_KeywordTypeCode>
                    </gmd:type>
                    <gmd:thesaurusName>
                        <gmd:CI_Citation>
                            <gmd:title>
                                <gco:CharacterString>INSPIRE_SpatialThemes</gco:CharacterString>
                            </gmd:title>
                            <gmd:date>
                                <gmd:CI_Date>
                                    <gmd:date>
                                    <gco:Date>2008-12-03</gco:Date>
                                    </gmd:date>
                                    <gmd:dateType>
                                    <gmd:CI_DateTypeCode
                                    codeList="./resources/codeList.xml#CI_DateTypeCode" codeListValue="publication">publication</gmd:CI_DateTypeCode>
                                    </gmd:dateType>
                                </gmd:CI_Date>
                            </gmd:date>
                        </gmd:CI_Citation>
                    </gmd:thesaurusName>
                </gmd:MD_Keywords>
            </gmd:descriptiveKeywords>
            <gmd:descriptiveKeywords>
                <gmd:MD_Keywords>
                    <gmd:keyword>
                        <gco:CharacterString>Nombres geográficos</gco:CharacterString>
                    </gmd:keyword>
                    <gmd:type>
                        <gmd:MD_KeywordTypeCode
                            codeList="./resources/codeList.xml#MD_KeywordTypeCode" codeListValue="theme">theme</gmd:MD_KeywordTypeCode>
                    </gmd:type>
                    <gmd:thesaurusName>
                        <gmd:CI_Citation>
                            <gmd:title>
                                <gco:CharacterString>INSPIRE_SpatialThemes</gco:CharacterString>
                            </gmd:title>
                            <gmd:date>
                                <gmd:CI_Date>
                                    <gmd:date>
                                    <gco:Date>2008-12-03</gco:Date>
                                    </gmd:date>
                                    <gmd:dateType>
                                    <gmd:CI_DateTypeCode
                                    codeList="./resources/codeList.xml#CI_DateTypeCode" codeListValue="publication">publication</gmd:CI_DateTypeCode>
                                    </gmd:dateType>
                                </gmd:CI_Date>
                            </gmd:date>
                        </gmd:CI_Citation>
                    </gmd:thesaurusName>
                </gmd:MD_Keywords>
            </gmd:descriptiveKeywords>
            <gmd:descriptiveKeywords>
                <gmd:MD_Keywords>
                    <gmd:keyword>
                        <gco:CharacterString>Distribución da poboación</gco:CharacterString>
                    </gmd:keyword>
                </gmd:MD_Keywords>
            </gmd:descriptiveKeywords>
            <gmd:descriptiveKeywords>
                <gmd:MD_Keywords>
                    <gmd:keyword>
                        <gco:CharacterString>Nomes Xeográficos</gco:CharacterString>
                    </gmd:keyword>
                </gmd:MD_Keywords>
            </gmd:descriptiveKeywords>
            <gmd:resourceConstraints>
                <gmd:MD_LegalConstraints>
                    <gmd:useConstraints>
                        <gmd:MD_RestrictionCode
                            codeList="./resources/codeList.xml#MD_RestrictionCode" codeListValue="No caso de publicación (impresa, web, ou mediante outro medio) deberá facerse referencia ao SITGA como o produtor dos datos.">No caso de publicación (impresa, web, ou mediante outro medio) deberá facerse referencia ao SITGA como o produtor dos datos.</gmd:MD_RestrictionCode>
                    </gmd:useConstraints>
                    <gmd:otherConstraints gco:nilReason="inapplicable"/>
                </gmd:MD_LegalConstraints>
            </gmd:resourceConstraints>
            <gmd:spatialRepresentationType>
                <gmd:MD_SpatialRepresentationTypeCode
                    codeList="./resources/codeList.xml#MD_SpatialRepresentationTypeCode" codeListValue="vector">vector</gmd:MD_SpatialRepresentationTypeCode>
            </gmd:spatialRepresentationType>
            <gmd:spatialResolution>
                <gmd:MD_Resolution>
                    <gmd:equivalentScale>
                        <gmd:MD_RepresentativeFraction>
                            <gmd:denominator>
                                <gco:Integer>5000</gco:Integer>
                            </gmd:denominator>
                        </gmd:MD_RepresentativeFraction>
                    </gmd:equivalentScale>
                </gmd:MD_Resolution>
            </gmd:spatialResolution>
            <gmd:language>
                <gmd:LanguageCode
                    codeList="./resources/codeList.xml#LanguageCode" codeListValue="glg">glg</gmd:LanguageCode>
            </gmd:language>
            <gmd:characterSet>
                <gmd:MD_CharacterSetCode
                    codeList="./resources/codeList.xml#MD_CharacterSetCode" codeListValue="utf8">utf8</gmd:MD_CharacterSetCode>
            </gmd:characterSet>
            <gmd:topicCategory>
                <gmd:MD_TopicCategoryCode>location</gmd:MD_TopicCategoryCode>
            </gmd:topicCategory>
            <gmd:extent>
                <gmd:EX_Extent>
                    <gmd:description gco:nilReason="inapplicable"/>
                    <gmd:geographicElement>
                        <gmd:EX_GeographicBoundingBox>
                            <gmd:westBoundLongitude>
                                <gco:Decimal>-9.30118972</gco:Decimal>
                            </gmd:westBoundLongitude>
                            <gmd:eastBoundLongitude>
                                <gco:Decimal>-6.73380666</gco:Decimal>
                            </gmd:eastBoundLongitude>
                            <gmd:southBoundLatitude>
                                <gco:Decimal>41.80747557</gco:Decimal>
                            </gmd:southBoundLatitude>
                            <gmd:northBoundLatitude>
                                <gco:Decimal>43.78996166</gco:Decimal>
                            </gmd:northBoundLatitude>
                        </gmd:EX_GeographicBoundingBox>
                    </gmd:geographicElement>
                    <gmd:temporalElement>
                        <gmd:EX_TemporalExtent>
                            <gmd:extent>
                                <gml:TimeInstant gml:id="timeInstantDate">
                                    <gml:timePosition>2009-01-01T09:43:54</gml:timePosition>
                                </gml:TimeInstant>
                            </gmd:extent>
                        </gmd:EX_TemporalExtent>
                    </gmd:temporalElement>
                    <gmd:verticalElement gco:nilReason="inapplicable"/>
                </gmd:EX_Extent>
            </gmd:extent>
        </gmd:MD_DataIdentification>
    </gmd:identificationInfo>
    <gmd:distributionInfo>
        <gmd:MD_Distribution>
            <gmd:distributionFormat>
                <gmd:MD_Format>
                    <gmd:name>
                        <gco:CharacterString>SHP</gco:CharacterString>
                    </gmd:name>
                    <gmd:version>
                        <gco:CharacterString>9.3</gco:CharacterString>
                    </gmd:version>
                </gmd:MD_Format>
            </gmd:distributionFormat>
            <gmd:distributor>
                <gmd:MD_Distributor>
                    <gmd:distributorContact>
                        <gmd:CI_ResponsibleParty>
                            <gmd:individualName>
                                <gco:CharacterString>Instituto de Estudos do Territorio - IET</gco:CharacterString>
                            </gmd:individualName>
                            <gmd:organisationName>
                                <gco:CharacterString>CONSELLERÍA DE MEDIO AMBIENTE, TERRITORIO E INFRAESTRUTURAS - XUNTA DE GALICIA</gco:CharacterString>
                            </gmd:organisationName>
                            <gmd:positionName gco:nilReason="inapplicable"/>
                            <gmd:contactInfo>
                                <gmd:CI_Contact>
                                    <gmd:phone>
                                    <gmd:CI_Telephone>
                                    <gmd:voice>
                                    <gco:CharacterString>+34 981 541 755</gco:CharacterString>
                                    </gmd:voice>
                                    <gmd:facsimile>
                                    <gco:CharacterString>+34 981 541 757</gco:CharacterString>
                                    </gmd:facsimile>
                                    </gmd:CI_Telephone>
                                    </gmd:phone>
                                    <gmd:address>
                                    <gmd:CI_Address>
                                    <gmd:deliveryPoint>
                                    <gco:CharacterString>San Lázaro, s/n</gco:CharacterString>
                                    </gmd:deliveryPoint>
                                    <gmd:city>
                                    <gco:CharacterString>Santiago de Compostela</gco:CharacterString>
                                    </gmd:city>
                                    <gmd:administrativeArea>
                                    <gco:CharacterString>A Coruña</gco:CharacterString>
                                    </gmd:administrativeArea>
                                    <gmd:postalCode>
                                    <gco:CharacterString>15781</gco:CharacterString>
                                    </gmd:postalCode>
                                    <gmd:country>
                                    <gco:CharacterString>España</gco:CharacterString>
                                    </gmd:country>
                                    <gmd:electronicMailAddress>
                                    <gco:CharacterString>info-iet.cmati@xunta.es</gco:CharacterString>
                                    </gmd:electronicMailAddress>
                                    </gmd:CI_Address>
                                    </gmd:address>
                                    <gmd:onlineResource>
                                    <gmd:CI_OnlineResource>
                                    <gmd:linkage>
                                    <gmd:URL>http://www.cmati.xunta.es/organizacion/c/Instituto_Estudos_Territorio</gmd:URL>
                                    </gmd:linkage>
                                    </gmd:CI_OnlineResource>
                                    </gmd:onlineResource>
                                </gmd:CI_Contact>
                            </gmd:contactInfo>
                            <gmd:role>
                                <gmd:CI_RoleCode
                                    codeList="./resources/codeList.xml#CI_RoleCode" codeListValue="distributor">distributor</gmd:CI_RoleCode>
                            </gmd:role>
                        </gmd:CI_ResponsibleParty>
                    </gmd:distributorContact>
                    <gmd:distributorFormat gco:nilReason="inapplicable"/>
                </gmd:MD_Distributor>
            </gmd:distributor>
        </gmd:MD_Distribution>
    </gmd:distributionInfo>
    <gmd:dataQualityInfo>
        <gmd:DQ_DataQuality>
            <gmd:scope>
                <gmd:DQ_Scope>
                    <gmd:level>
                        <gmd:MD_ScopeCode
                            codeList="./resources/codeList.xml#MD_ScopeCode" codeListValue="dataset">dataset</gmd:MD_ScopeCode>
                    </gmd:level>
                    <gmd:levelDescription gco:nilReason="inapplicable"/>
                </gmd:DQ_Scope>
            </gmd:scope>
            <gmd:report gco:nilReason="inapplicable"/>
            <gmd:lineage>
                <gmd:LI_Lineage>
                    <gmd:statement>
                        <gco:CharacterString>A información das localizacións proveñen de diferentes fontes:
                                         - Cartografía 1/25.000 do I.G.N.
                                         - Cartografía 1/5.000 da Xunta de Galicia
                                         - Convenio para a localización das entidades singulares co I.N.E.
                                         - Proxecto Toponimia de Galicia
                                         - Nomenclator da Xunta de Galicia
                                         - Aportacións da Universidade de Santiago de Compostela</gco:CharacterString>
                    </gmd:statement>
                    <gmd:processStep gco:nilReason="inapplicable"/>
                    <gmd:source>
                        <gmd:LI_Source>
                            <gmd:description>
                                <gco:CharacterString>Cartografía 1/25.000 do I.G.N.</gco:CharacterString>
                            </gmd:description>
                            <gmd:sourceExtent gco:nilReason="inapplicable"/>
                        </gmd:LI_Source>
                    </gmd:source>
                    <gmd:source>
                        <gmd:LI_Source>
                            <gmd:description>
                                <gco:CharacterString>Nomenclator do I.N.E.</gco:CharacterString>
                            </gmd:description>
                            <gmd:sourceExtent gco:nilReason="inapplicable"/>
                        </gmd:LI_Source>
                    </gmd:source>
                    <gmd:source>
                        <gmd:LI_Source>
                            <gmd:description>
                                <gco:CharacterString>Cartografía Básica de Galicia 1/5.000</gco:CharacterString>
                            </gmd:description>
                            <gmd:sourceExtent gco:nilReason="inapplicable"/>
                        </gmd:LI_Source>
                    </gmd:source>
                </gmd:LI_Lineage>
            </gmd:lineage>
        </gmd:DQ_DataQuality>
    </gmd:dataQualityInfo>
</gmd:MD_Metadata>
