<?xml version="1.0" encoding="UTF-8"?>
<!--Metadata generated with CatMDEdit version 4.6.6-->
<gmd:MD_Metadata xmlns:gco="http://www.isotc211.org/2005/gco"
    xmlns:gmd="http://www.isotc211.org/2005/gmd"
    xmlns:gml="http://www.opengis.net/gml"
    xmlns:gts="http://www.isotc211.org/2005/gts" xmlns:xsi="http://www.w3.org/2001/XMLSchema-instance">
    <gmd:fileIdentifier>
        <gco:CharacterString>GLG_IET_FFCC_AVE_1_25000_20150428</gco:CharacterString>
    </gmd:fileIdentifier>
    <gmd:language>
        <gco:CharacterString>glg</gco:CharacterString>
    </gmd:language>
    <gmd:characterSet>
        <gmd:MD_CharacterSetCode
            codeList="./resources/codeList.xml#MD_CharacterSetCode" codeListValue="utf8">utf8</gmd:MD_CharacterSetCode>
    </gmd:characterSet>
    <gmd:parentIdentifier gco:nilReason="inapplicable"/>
    <gmd:hierarchyLevel>
        <gmd:MD_ScopeCode
            codeList="./resources/codeList.xml#MD_ScopeCode" codeListValue="dataset">dataset</gmd:MD_ScopeCode>
    </gmd:hierarchyLevel>
    <gmd:hierarchyLevelName gco:nilReason="inapplicable"/>
    <gmd:contact>
        <gmd:CI_ResponsibleParty>
            <gmd:individualName>
                <gco:CharacterString>Instituto de Estudos do Territorio - IET</gco:CharacterString>
            </gmd:individualName>
            <gmd:organisationName>
                <gco:CharacterString>CONSELLERÍA DE MEDIO AMBIENTE, TERRITORIO E INFRAESTRUTURAS - XUNTA DE GALICIA</gco:CharacterString>
            </gmd:organisationName>
            <gmd:positionName gco:nilReason="inapplicable"/>
            <gmd:contactInfo>
                <gmd:CI_Contact>
                    <gmd:phone>
                        <gmd:CI_Telephone>
                            <gmd:voice>
                                <gco:CharacterString>+34 981 541 755</gco:CharacterString>
                            </gmd:voice>
                            <gmd:facsimile>
                                <gco:CharacterString>+34 981 541 757</gco:CharacterString>
                            </gmd:facsimile>
                        </gmd:CI_Telephone>
                    </gmd:phone>
                    <gmd:address>
                        <gmd:CI_Address>
                            <gmd:deliveryPoint>
                                <gco:CharacterString>San Lázaro, s/n</gco:CharacterString>
                            </gmd:deliveryPoint>
                            <gmd:city>
                                <gco:CharacterString>Santiago de Compostela</gco:CharacterString>
                            </gmd:city>
                            <gmd:administrativeArea>
                                <gco:CharacterString>A Coruña</gco:CharacterString>
                            </gmd:administrativeArea>
                            <gmd:postalCode>
                                <gco:CharacterString>15703</gco:CharacterString>
                            </gmd:postalCode>
                            <gmd:country>
                                <gco:CharacterString>España</gco:CharacterString>
                            </gmd:country>
                            <gmd:electronicMailAddress>
                                <gco:CharacterString>info-iet.cmati@xunta.es</gco:CharacterString>
                            </gmd:electronicMailAddress>
                        </gmd:CI_Address>
                    </gmd:address>
                    <gmd:onlineResource>
                        <gmd:CI_OnlineResource>
                            <gmd:linkage>
                                <gmd:URL>http://www.cmati.xunta.es/</gmd:URL>
                            </gmd:linkage>
                        </gmd:CI_OnlineResource>
                    </gmd:onlineResource>
                </gmd:CI_Contact>
            </gmd:contactInfo>
            <gmd:role>
                <gmd:CI_RoleCode
                    codeList="./resources/codeList.xml#CI_RoleCode" codeListValue="pointOfContact">pointOfContact</gmd:CI_RoleCode>
            </gmd:role>
        </gmd:CI_ResponsibleParty>
    </gmd:contact>
    <gmd:dateStamp>
        <gco:Date>1997-02-20</gco:Date>
    </gmd:dateStamp>
    <gmd:metadataStandardName>
        <gco:CharacterString>ISO 19115:2003</gco:CharacterString>
    </gmd:metadataStandardName>
    <gmd:metadataStandardVersion>
        <gco:CharacterString>ISO19115:2003"XUNTA 2011"</gco:CharacterString>
    </gmd:metadataStandardVersion>
    <gmd:spatialRepresentationInfo>
        <gmd:MD_VectorSpatialRepresentation>
            <gmd:geometricObjects>
                <gmd:MD_GeometricObjects>
                    <gmd:geometricObjectType>
                        <gmd:MD_GeometricObjectTypeCode
                            codeList="./resources/codeList.xml#MD_GeometricObjectTypeCode" codeListValue="Curva">Curva</gmd:MD_GeometricObjectTypeCode>
                    </gmd:geometricObjectType>
                </gmd:MD_GeometricObjects>
            </gmd:geometricObjects>
        </gmd:MD_VectorSpatialRepresentation>
    </gmd:spatialRepresentationInfo>
    <gmd:referenceSystemInfo>
        <gmd:MD_ReferenceSystem>
            <gmd:referenceSystemIdentifier>
                <gmd:RS_Identifier>
                    <gmd:authority>
                        <gmd:CI_Citation>
                            <gmd:title>
                                <gco:CharacterString>Ferrocarril - AVE escala 1:25000 de Galicia</gco:CharacterString>
                            </gmd:title>
                            <gmd:date>
                                <gmd:CI_Date>
                                    <gmd:date>
                                    <gco:Date>2015-04-28</gco:Date>
                                    </gmd:date>
                                    <gmd:dateType>
                                    <gmd:CI_DateTypeCode
                                    codeList="./resources/codeList.xml#CI_DateTypeCode" codeListValue="revision">revision</gmd:CI_DateTypeCode>
                                    </gmd:dateType>
                                </gmd:CI_Date>
                            </gmd:date>
                            <gmd:identifier gco:nilReason="inapplicable"/>
                        </gmd:CI_Citation>
                    </gmd:authority>
                    <gmd:code>
                        <gco:CharacterString>EPSG:25829</gco:CharacterString>
                    </gmd:code>
                </gmd:RS_Identifier>
            </gmd:referenceSystemIdentifier>
        </gmd:MD_ReferenceSystem>
    </gmd:referenceSystemInfo>
    <gmd:identificationInfo>
        <gmd:MD_DataIdentification>
            <gmd:citation>
                <gmd:CI_Citation>
                    <gmd:title>
                        <gco:CharacterString>FERROCARRIL - AVE  DE GALICIA 1:25000</gco:CharacterString>
                    </gmd:title>
                    <gmd:date>
                        <gmd:CI_Date>
                            <gmd:date>
                                <gco:Date>2015-04-28</gco:Date>
                            </gmd:date>
                            <gmd:dateType>
                                <gmd:CI_DateTypeCode
                                    codeList="./resources/codeList.xml#CI_DateTypeCode" codeListValue="revision">revision</gmd:CI_DateTypeCode>
                            </gmd:dateType>
                        </gmd:CI_Date>
                    </gmd:date>
                    <gmd:identifier>
                        <gmd:RS_Identifier>
                            <gmd:authority>
                                <gmd:CI_Citation>
                                    <gmd:title>
                                    <gco:CharacterString>FERROCARRIL - AVE  DE GALICIA 1:25000</gco:CharacterString>
                                    </gmd:title>
                                    <gmd:date>
                                    <gmd:CI_Date>
                                    <gmd:date>
                                    <gco:Date>2015-04-28</gco:Date>
                                    </gmd:date>
                                    <gmd:dateType>
                                    <gmd:CI_DateTypeCode
                                    codeList="./resources/codeList.xml#CI_DateTypeCode" codeListValue="revision">revision</gmd:CI_DateTypeCode>
                                    </gmd:dateType>
                                    </gmd:CI_Date>
                                    </gmd:date>
                                    <gmd:identifier gco:nilReason="inapplicable"/>
                                </gmd:CI_Citation>
                            </gmd:authority>
                            <gmd:code>
                                <gco:CharacterString>GLG_IET_FFCC_AVE_1:25000_20150428</gco:CharacterString>
                            </gmd:code>
                        </gmd:RS_Identifier>
                    </gmd:identifier>
                    <gmd:citedResponsibleParty>
                        <gmd:CI_ResponsibleParty>
                            <gmd:individualName>
                                <gco:CharacterString>Instituto de Estudos do Territorio - IET</gco:CharacterString>
                            </gmd:individualName>
                            <gmd:organisationName>
                                <gco:CharacterString>CONSELLERÍA DE MEDIO AMBIENTE, TERRITORIO E INFRAESTRUTURAS - XUNTA DE GALICIA</gco:CharacterString>
                            </gmd:organisationName>
                            <gmd:positionName gco:nilReason="inapplicable"/>
                            <gmd:contactInfo>
                                <gmd:CI_Contact>
                                    <gmd:phone>
                                    <gmd:CI_Telephone>
                                    <gmd:voice>
                                    <gco:CharacterString>+34 981 541 755</gco:CharacterString>
                                    </gmd:voice>
                                    <gmd:facsimile>
                                    <gco:CharacterString>+34 981 541 757</gco:CharacterString>
                                    </gmd:facsimile>
                                    </gmd:CI_Telephone>
                                    </gmd:phone>
                                    <gmd:address>
                                    <gmd:CI_Address>
                                    <gmd:deliveryPoint>
                                    <gco:CharacterString>San Lázaro, s/n</gco:CharacterString>
                                    </gmd:deliveryPoint>
                                    <gmd:city>
                                    <gco:CharacterString>Santiago de Compostela</gco:CharacterString>
                                    </gmd:city>
                                    <gmd:administrativeArea>
                                    <gco:CharacterString>A Coruña</gco:CharacterString>
                                    </gmd:administrativeArea>
                                    <gmd:postalCode>
                                    <gco:CharacterString>15703</gco:CharacterString>
                                    </gmd:postalCode>
                                    <gmd:country>
                                    <gco:CharacterString>España</gco:CharacterString>
                                    </gmd:country>
                                    <gmd:electronicMailAddress>
                                    <gco:CharacterString>info-iet.cmati@xunta.es</gco:CharacterString>
                                    </gmd:electronicMailAddress>
                                    </gmd:CI_Address>
                                    </gmd:address>
                                    <gmd:onlineResource>
                                    <gmd:CI_OnlineResource>
                                    <gmd:linkage>
                                    <gmd:URL>http://www.cmati.xunta.es/</gmd:URL>
                                    </gmd:linkage>
                                    </gmd:CI_OnlineResource>
                                    </gmd:onlineResource>
                                </gmd:CI_Contact>
                            </gmd:contactInfo>
                            <gmd:role>
                                <gmd:CI_RoleCode
                                    codeList="./resources/codeList.xml#CI_RoleCode" codeListValue="pointOfContact">pointOfContact</gmd:CI_RoleCode>
                            </gmd:role>
                        </gmd:CI_ResponsibleParty>
                    </gmd:citedResponsibleParty>
                </gmd:CI_Citation>
            </gmd:citation>
            <gmd:abstract>
                <gco:CharacterString>FERROCARRIL - AVE  DE GALICIA 1:25000</gco:CharacterString>
            </gmd:abstract>
            <gmd:purpose>
                <gco:CharacterString>Base de datos das liñas de Ferrocarril, AVE e estacións a escala 1:25000, revisada a intervalos cortos de tempo.</gco:CharacterString>
            </gmd:purpose>
            <gmd:pointOfContact>
                <gmd:CI_ResponsibleParty>
                    <gmd:individualName>
                        <gco:CharacterString>Instituto de Estudos do Territorio - IET</gco:CharacterString>
                    </gmd:individualName>
                    <gmd:organisationName>
                        <gco:CharacterString>CONSELLERÍA DE MEDIO AMBIENTE, TERRITORIO E INFRAESTRUTURAS - XUNTA DE GALICIA</gco:CharacterString>
                    </gmd:organisationName>
                    <gmd:positionName gco:nilReason="inapplicable"/>
                    <gmd:contactInfo>
                        <gmd:CI_Contact>
                            <gmd:phone>
                                <gmd:CI_Telephone>
                                    <gmd:voice>
                                    <gco:CharacterString>+34 981 541 755</gco:CharacterString>
                                    </gmd:voice>
                                    <gmd:facsimile>
                                    <gco:CharacterString>+34 981 541 757</gco:CharacterString>
                                    </gmd:facsimile>
                                </gmd:CI_Telephone>
                            </gmd:phone>
                            <gmd:address>
                                <gmd:CI_Address>
                                    <gmd:deliveryPoint>
                                    <gco:CharacterString>San Lázaro, s/n</gco:CharacterString>
                                    </gmd:deliveryPoint>
                                    <gmd:city>
                                    <gco:CharacterString>Santiago de Compostela</gco:CharacterString>
                                    </gmd:city>
                                    <gmd:administrativeArea>
                                    <gco:CharacterString>A Coruña</gco:CharacterString>
                                    </gmd:administrativeArea>
                                    <gmd:postalCode>
                                    <gco:CharacterString>15703</gco:CharacterString>
                                    </gmd:postalCode>
                                    <gmd:country>
                                    <gco:CharacterString>España</gco:CharacterString>
                                    </gmd:country>
                                    <gmd:electronicMailAddress>
                                    <gco:CharacterString>info-iet.cmati@xunta.es</gco:CharacterString>
                                    </gmd:electronicMailAddress>
                                </gmd:CI_Address>
                            </gmd:address>
                            <gmd:onlineResource>
                                <gmd:CI_OnlineResource>
                                    <gmd:linkage>
                                    <gmd:URL>http://www.cmati.xunta.es/</gmd:URL>
                                    </gmd:linkage>
                                </gmd:CI_OnlineResource>
                            </gmd:onlineResource>
                        </gmd:CI_Contact>
                    </gmd:contactInfo>
                    <gmd:role>
                        <gmd:CI_RoleCode
                            codeList="./resources/codeList.xml#CI_RoleCode" codeListValue="pointOfContact">pointOfContact</gmd:CI_RoleCode>
                    </gmd:role>
                </gmd:CI_ResponsibleParty>
            </gmd:pointOfContact>
            <gmd:descriptiveKeywords>
                <gmd:MD_Keywords>
                    <gmd:keyword>
                        <gco:CharacterString>ESPAÑA</gco:CharacterString>
                    </gmd:keyword>
                    <gmd:keyword>
                        <gco:CharacterString>Galicia</gco:CharacterString>
                    </gmd:keyword>
                    <gmd:type>
                        <gmd:MD_KeywordTypeCode
                            codeList="./resources/codeList.xml#MD_KeywordTypeCode" codeListValue="place">place</gmd:MD_KeywordTypeCode>
                    </gmd:type>
                    <gmd:thesaurusName>
                        <gmd:CI_Citation>
                            <gmd:title>
                                <gco:CharacterString>EuropeanTerritorialUnits</gco:CharacterString>
                            </gmd:title>
                            <gmd:date>
                                <gmd:CI_Date>
                                    <gmd:date>
                                    <gco:Date>2008-10-21</gco:Date>
                                    </gmd:date>
                                    <gmd:dateType>
                                    <gmd:CI_DateTypeCode
                                    codeList="./resources/codeList.xml#CI_DateTypeCode" codeListValue="Publicación">Publicación</gmd:CI_DateTypeCode>
                                    </gmd:dateType>
                                </gmd:CI_Date>
                            </gmd:date>
                            <gmd:editionDate>
                                <gco:Date>2008-07-04</gco:Date>
                            </gmd:editionDate>
                            <gmd:identifier gco:nilReason="inapplicable"/>
                        </gmd:CI_Citation>
                    </gmd:thesaurusName>
                </gmd:MD_Keywords>
            </gmd:descriptiveKeywords>
            <gmd:descriptiveKeywords>
                <gmd:MD_Keywords>
                    <gmd:keyword>
                        <gco:CharacterString>ASPECTOS SOCIALES, POLITICA AMBIENTAL, MEDIDAS</gco:CharacterString>
                    </gmd:keyword>
                    <gmd:keyword>
                        <gco:CharacterString>INFORMACIÓN, EDUCACIÓN, CULTURA, CONCIENCIA AMBIENTAL</gco:CharacterString>
                    </gmd:keyword>
                    <gmd:keyword>
                        <gco:CharacterString>información</gco:CharacterString>
                    </gmd:keyword>
                    <gmd:keyword>
                        <gco:CharacterString>sistemas de información</gco:CharacterString>
                    </gmd:keyword>
                    <gmd:keyword>
                        <gco:CharacterString>sistemas de información geográfica</gco:CharacterString>
                    </gmd:keyword>
                    <gmd:type>
                        <gmd:MD_KeywordTypeCode
                            codeList="./resources/codeList.xml#MD_KeywordTypeCode" codeListValue="theme">theme</gmd:MD_KeywordTypeCode>
                    </gmd:type>
                    <gmd:thesaurusName>
                        <gmd:CI_Citation>
                            <gmd:title>
                                <gco:CharacterString>GEMET</gco:CharacterString>
                            </gmd:title>
                            <gmd:date>
                                <gmd:CI_Date>
                                    <gmd:date>
                                    <gco:Date>2006-02-15</gco:Date>
                                    </gmd:date>
                                    <gmd:dateType>
                                    <gmd:CI_DateTypeCode
                                    codeList="./resources/codeList.xml#CI_DateTypeCode" codeListValue="publication">publication</gmd:CI_DateTypeCode>
                                    </gmd:dateType>
                                </gmd:CI_Date>
                            </gmd:date>
                            <gmd:identifier gco:nilReason="inapplicable"/>
                        </gmd:CI_Citation>
                    </gmd:thesaurusName>
                </gmd:MD_Keywords>
            </gmd:descriptiveKeywords>
            <gmd:descriptiveKeywords>
                <gmd:MD_Keywords>
                    <gmd:keyword>
                        <gco:CharacterString>Administración y Legislación</gco:CharacterString>
                    </gmd:keyword>
                    <gmd:keyword>
                        <gco:CharacterString>Administración pública</gco:CharacterString>
                    </gmd:keyword>
                    <gmd:keyword>
                        <gco:CharacterString>Gobierno</gco:CharacterString>
                    </gmd:keyword>
                    <gmd:keyword>
                        <gco:CharacterString>Gobierno regional</gco:CharacterString>
                    </gmd:keyword>
                    <gmd:type>
                        <gmd:MD_KeywordTypeCode
                            codeList="./resources/codeList.xml#MD_KeywordTypeCode" codeListValue="theme">theme</gmd:MD_KeywordTypeCode>
                    </gmd:type>
                    <gmd:thesaurusName>
                        <gmd:CI_Citation>
                            <gmd:title>
                                <gco:CharacterString>AGROVOC</gco:CharacterString>
                            </gmd:title>
                            <gmd:date>
                                <gmd:CI_Date>
                                    <gmd:date>
                                    <gco:Date>2009-09-01</gco:Date>
                                    </gmd:date>
                                    <gmd:dateType>
                                    <gmd:CI_DateTypeCode
                                    codeList="./resources/codeList.xml#CI_DateTypeCode" codeListValue="publication">publication</gmd:CI_DateTypeCode>
                                    </gmd:dateType>
                                </gmd:CI_Date>
                            </gmd:date>
                            <gmd:identifier gco:nilReason="inapplicable"/>
                        </gmd:CI_Citation>
                    </gmd:thesaurusName>
                </gmd:MD_Keywords>
            </gmd:descriptiveKeywords>
            <gmd:resourceConstraints>
                <gmd:MD_Constraints>
                    <gmd:useLimitation>
                        <gco:CharacterString>NON DEFINIDO</gco:CharacterString>
                    </gmd:useLimitation>
                </gmd:MD_Constraints>
            </gmd:resourceConstraints>
            <gmd:spatialRepresentationType>
                <gmd:MD_SpatialRepresentationTypeCode
                    codeList="./resources/codeList.xml#MD_SpatialRepresentationTypeCode" codeListValue="Vector">Vector</gmd:MD_SpatialRepresentationTypeCode>
            </gmd:spatialRepresentationType>
            <gmd:spatialResolution>
                <gmd:MD_Resolution>
                    <gmd:equivalentScale>
                        <gmd:MD_RepresentativeFraction>
                            <gmd:denominator>
                                <gco:Integer>25000</gco:Integer>
                            </gmd:denominator>
                        </gmd:MD_RepresentativeFraction>
                    </gmd:equivalentScale>
                </gmd:MD_Resolution>
            </gmd:spatialResolution>
            <gmd:language>
                <gco:CharacterString>glg</gco:CharacterString>
            </gmd:language>
            <gmd:characterSet>
                <gmd:MD_CharacterSetCode
                    codeList="./resources/codeList.xml#MD_CharacterSetCode" codeListValue="utf8">utf8</gmd:MD_CharacterSetCode>
            </gmd:characterSet>
            <gmd:topicCategory>
                <gmd:MD_TopicCategoryCode>imageryBaseMapsEarthCover</gmd:MD_TopicCategoryCode>
            </gmd:topicCategory>
            <gmd:extent>
                <gmd:EX_Extent>
                    <gmd:description gco:nilReason="inapplicable"/>
                    <gmd:geographicElement>
                        <gmd:EX_GeographicBoundingBox>
                            <gmd:westBoundLongitude>
                                <gco:Decimal>-9.30118972</gco:Decimal>
                            </gmd:westBoundLongitude>
                            <gmd:eastBoundLongitude>
                                <gco:Decimal>-6.73380666</gco:Decimal>
                            </gmd:eastBoundLongitude>
                            <gmd:southBoundLatitude>
                                <gco:Decimal>41.80747557</gco:Decimal>
                            </gmd:southBoundLatitude>
                            <gmd:northBoundLatitude>
                                <gco:Decimal>43.78996166</gco:Decimal>
                            </gmd:northBoundLatitude>
                        </gmd:EX_GeographicBoundingBox>
                    </gmd:geographicElement>
                    <gmd:temporalElement>
                        <gmd:EX_TemporalExtent>
                            <gmd:extent>
                                <gml:TimePeriod gml:id="Revisión">
                                    <gml:begin>
                                    <gml:TimeInstant gml:id="Revisión">
                                    <gml:timePosition gml:calendarEraName="2011-01-01"/>
                                    </gml:TimeInstant>
                                    </gml:begin>
                                    <gml:end>
                                    <gml:TimeInstant gml:id="Revisión">
                                    <gml:timePosition gml:calendarEraName="2011-01-01"/>
                                    </gml:TimeInstant>
                                    </gml:end>
                                </gml:TimePeriod>
                            </gmd:extent>
                        </gmd:EX_TemporalExtent>
                    </gmd:temporalElement>
                    <gmd:verticalElement gco:nilReason="inapplicable"/>
                </gmd:EX_Extent>
            </gmd:extent>
        </gmd:MD_DataIdentification>
    </gmd:identificationInfo>
    <gmd:distributionInfo>
        <gmd:MD_Distribution>
            <gmd:distributionFormat>
                <gmd:MD_Format>
                    <gmd:name>
                        <gco:CharacterString>SHP - ESRI 2012</gco:CharacterString>
                    </gmd:name>
                    <gmd:version>
                        <gco:CharacterString>10.1</gco:CharacterString>
                    </gmd:version>
                </gmd:MD_Format>
            </gmd:distributionFormat>
            <gmd:distributor>
                <gmd:MD_Distributor>
                    <gmd:distributorContact>
                        <gmd:CI_ResponsibleParty>
                            <gmd:individualName>
                                <gco:CharacterString>Instituto de Estudos do Territorio - IET</gco:CharacterString>
                            </gmd:individualName>
                            <gmd:organisationName>
                                <gco:CharacterString>CONSELLERÍA DE MEDIO AMBIENTE, TERRITORIO E INFRAESTRUTURAS - XUNTA DE GALICIA</gco:CharacterString>
                            </gmd:organisationName>
                            <gmd:positionName gco:nilReason="inapplicable"/>
                            <gmd:contactInfo>
                                <gmd:CI_Contact>
                                    <gmd:phone>
                                    <gmd:CI_Telephone>
                                    <gmd:voice>
                                    <gco:CharacterString>+34 981 541 755</gco:CharacterString>
                                    </gmd:voice>
                                    <gmd:facsimile>
                                    <gco:CharacterString>+34 981 541 757</gco:CharacterString>
                                    </gmd:facsimile>
                                    </gmd:CI_Telephone>
                                    </gmd:phone>
                                    <gmd:address>
                                    <gmd:CI_Address>
                                    <gmd:deliveryPoint>
                                    <gco:CharacterString>San Lázaro, s/n</gco:CharacterString>
                                    </gmd:deliveryPoint>
                                    <gmd:city>
                                    <gco:CharacterString>Santiago de Compostela</gco:CharacterString>
                                    </gmd:city>
                                    <gmd:administrativeArea>
                                    <gco:CharacterString>A Coruña</gco:CharacterString>
                                    </gmd:administrativeArea>
                                    <gmd:postalCode>
                                    <gco:CharacterString>15703</gco:CharacterString>
                                    </gmd:postalCode>
                                    <gmd:country>
                                    <gco:CharacterString>España</gco:CharacterString>
                                    </gmd:country>
                                    <gmd:electronicMailAddress>
                                    <gco:CharacterString>info-iet.cmati@xunta.es</gco:CharacterString>
                                    </gmd:electronicMailAddress>
                                    </gmd:CI_Address>
                                    </gmd:address>
                                    <gmd:onlineResource>
                                    <gmd:CI_OnlineResource>
                                    <gmd:linkage>
                                    <gmd:URL>http://www.cmati.xunta.es/</gmd:URL>
                                    </gmd:linkage>
                                    </gmd:CI_OnlineResource>
                                    </gmd:onlineResource>
                                </gmd:CI_Contact>
                            </gmd:contactInfo>
                            <gmd:role>
                                <gmd:CI_RoleCode
                                    codeList="./resources/codeList.xml#CI_RoleCode" codeListValue="distributor">distributor</gmd:CI_RoleCode>
                            </gmd:role>
                        </gmd:CI_ResponsibleParty>
                    </gmd:distributorContact>
                    <gmd:distributorFormat gco:nilReason="inapplicable"/>
                </gmd:MD_Distributor>
            </gmd:distributor>
            <gmd:transferOptions>
                <gmd:MD_DigitalTransferOptions>
                    <gmd:onLine>
                        <gmd:CI_OnlineResource>
                            <gmd:linkage>
                                <gmd:URL>http://ideg.xunta.es/wms/request.aspx?</gmd:URL>
                            </gmd:linkage>
                            <gmd:protocol>
                                <gco:CharacterString>OGC:WMS-1.1.1-http-get-map</gco:CharacterString>
                            </gmd:protocol>
                            <gmd:name>
                                <gco:CharacterString>FFCC_AVE</gco:CharacterString>
                            </gmd:name>
                            <gmd:description>
                                <gco:CharacterString>Capa FFCC_AVE do servizo wms da cartografía básica de Galicia</gco:CharacterString>
                            </gmd:description>
                        </gmd:CI_OnlineResource>
                    </gmd:onLine>
                    <gmd:onLine>
                        <gmd:CI_OnlineResource>
                            <gmd:linkage>
                                <gmd:URL>http://ideg.xunta.es/wms/request.aspx?</gmd:URL>
                            </gmd:linkage>
                            <gmd:protocol>
                                <gco:CharacterString>OGC:WMS-1.1.1-http-get-map</gco:CharacterString>
                            </gmd:protocol>
                            <gmd:name>
                                <gco:CharacterString>ESTACION_FFCC</gco:CharacterString>
                            </gmd:name>
                            <gmd:description>
                                <gco:CharacterString>Capa de estacións de FFCC_AVE do servizo wms da cartografía básica de Galicia</gco:CharacterString>
                            </gmd:description>
                        </gmd:CI_OnlineResource>
                    </gmd:onLine>
                </gmd:MD_DigitalTransferOptions>
            </gmd:transferOptions>
        </gmd:MD_Distribution>
    </gmd:distributionInfo>
    <gmd:dataQualityInfo>
        <gmd:DQ_DataQuality>
            <gmd:scope>
                <gmd:DQ_Scope>
                    <gmd:level>
                        <gmd:MD_ScopeCode
                            codeList="./resources/codeList.xml#MD_ScopeCode" codeListValue="dataset">dataset</gmd:MD_ScopeCode>
                    </gmd:level>
                    <gmd:levelDescription gco:nilReason="inapplicable"/>
                </gmd:DQ_Scope>
            </gmd:scope>
            <gmd:report gco:nilReason="inapplicable"/>
            <gmd:lineage>
                <gmd:LI_Lineage>
                    <gmd:statement>
                        <gco:CharacterString>Elaboración dunha Base de Datos das liñas de Ferrocarril, estacións e AVE de Galicia a escala 1:25000, revisada a intervalos cortos de tempo.
                                                                                                                                                                                                                                                                                                                                                                                        </gco:CharacterString>
                    </gmd:statement>
                    <gmd:processStep>
                        <gmd:LI_ProcessStep>
                            <gmd:description>
                                <gco:CharacterString>Elaboración dunha Base de Datos das liñas de Ferrocarril, estacións e AVE de Galicia, a escala 1:25000, revisada a intervalos cortos de tempo. O software utilizado foi orixinalmente MicroStation V7, mais tarde exportado á versión 8, despois convertido a Base de Datos Microsoft Office Access 2003. e finalmente exportado a formato SHP de ESRI
                                                                                                                                                                                                                                                                                                                                                                                                                  </gco:CharacterString>
                            </gmd:description>
                            <gmd:processor>
                                <gmd:CI_ResponsibleParty>
                                    <gmd:individualName>
                                    <gco:CharacterString>Instituto de Estudos do Territorio - IET</gco:CharacterString>
                                    </gmd:individualName>
                                    <gmd:organisationName>
                                    <gco:CharacterString>CONSELLERÍA DE MEDIO AMBIENTE, TERRITORIO E INFRAESTRUTURAS. XUNTA DE GALICIA</gco:CharacterString>
                                    </gmd:organisationName>
                                    <gmd:positionName gco:nilReason="inapplicable"/>
                                    <gmd:contactInfo>
                                    <gmd:CI_Contact>
                                    <gmd:phone>
                                    <gmd:CI_Telephone>
                                    <gmd:voice>
                                    <gco:CharacterString>+34981541755</gco:CharacterString>
                                    </gmd:voice>
                                    <gmd:facsimile>
                                    <gco:CharacterString>+34981541757</gco:CharacterString>
                                    </gmd:facsimile>
                                    </gmd:CI_Telephone>
                                    </gmd:phone>
                                    <gmd:address>
                                    <gmd:CI_Address>
                                    <gmd:deliveryPoint>
                                    <gco:CharacterString>San Lázaro s/n</gco:CharacterString>
                                    </gmd:deliveryPoint>
                                    <gmd:city>
                                    <gco:CharacterString>Santiago de Compostela</gco:CharacterString>
                                    </gmd:city>
                                    <gmd:administrativeArea>
                                    <gco:CharacterString>A Coruña</gco:CharacterString>
                                    </gmd:administrativeArea>
                                    <gmd:postalCode>
                                    <gco:CharacterString>15703</gco:CharacterString>
                                    </gmd:postalCode>
                                    <gmd:country>
                                    <gco:CharacterString>España</gco:CharacterString>
                                    </gmd:country>
                                    </gmd:CI_Address>
                                    </gmd:address>
                                    <gmd:onlineResource>
                                    <gmd:CI_OnlineResource>
                                    <gmd:linkage>
                                    <gmd:URL>info-iet.cmati@xunta.es</gmd:URL>
                                    </gmd:linkage>
                                    </gmd:CI_OnlineResource>
                                    </gmd:onlineResource>
                                    </gmd:CI_Contact>
                                    </gmd:contactInfo>
                                    <gmd:role>
                                    <gmd:CI_RoleCode
                                    codeList="./resources/codeList.xml#CI_RoleCode" codeListValue="pointOfContact">pointOfContact</gmd:CI_RoleCode>
                                    </gmd:role>
                                </gmd:CI_ResponsibleParty>
                            </gmd:processor>
                            <gmd:source>
                                <gmd:LI_Source>
                                    <gmd:description>
                                    <gco:CharacterString>FONTE:  Liñas e Estacións: dixitalizadas as liñas de ffcc convencional, AVE e FEVE coas estacións, a  partir da ortofotografía aérea do PNOA 2010 - 2014 de 25 cm de píxel e dos datos suministrados polo ADIF.
                                                                                                                                                                                                                                                                        
                                                                                                                                                                                                                                                                        </gco:CharacterString>
                                    </gmd:description>
                                    <gmd:scaleDenominator>
                                    <gmd:MD_RepresentativeFraction>
                                    <gmd:denominator>
                                    <gco:Integer>25000</gco:Integer>
                                    </gmd:denominator>
                                    </gmd:MD_RepresentativeFraction>
                                    </gmd:scaleDenominator>
                                    <gmd:sourceReferenceSystem>
                                    <gmd:MD_ReferenceSystem>
                                    <gmd:referenceSystemIdentifier>
                                    <gmd:RS_Identifier>
                                    <gmd:code>
                                    <gco:CharacterString>calidad de los datos</gco:CharacterString>
                                    </gmd:code>
                                    </gmd:RS_Identifier>
                                    </gmd:referenceSystemIdentifier>
                                    </gmd:MD_ReferenceSystem>
                                    </gmd:sourceReferenceSystem>
                                    <gmd:sourceExtent gco:nilReason="inapplicable"/>
                                </gmd:LI_Source>
                            </gmd:source>
                        </gmd:LI_ProcessStep>
                    </gmd:processStep>
                    <gmd:source gco:nilReason="inapplicable"/>
                </gmd:LI_Lineage>
            </gmd:lineage>
        </gmd:DQ_DataQuality>
    </gmd:dataQualityInfo>
    <gmd:metadataMaintenance>
        <gmd:MD_MaintenanceInformation>
            <gmd:maintenanceAndUpdateFrequency>
                <gmd:MD_MaintenanceFrequencyCode
                    codeList="./resources/codeList.xml#MD_MaintenanceFrequencyCode" codeListValue="Intervalos cortos de tempo">Intervalos cortos de tempo</gmd:MD_MaintenanceFrequencyCode>
            </gmd:maintenanceAndUpdateFrequency>
        </gmd:MD_MaintenanceInformation>
    </gmd:metadataMaintenance>
</gmd:MD_Metadata>
